HAV,N_treatment
HAV_4825,std_N
HAV_4826,std_N
HAV_4827,std_N
HAV_4828,std_N
HAV_4829,std_N
HAV_4830,std_N
HAV_4831,std_N
HAV_4832,std_N
HAV_4833,std_N
HAV_4834,std_N
HAV_4835,std_N
HAV_4836,std_N
HAV_4837,std_N
HAV_4838,std_N
HAV_4839,std_N
HAV_4840,std_N
HAV_4841,std_N
HAV_4842,std_N
HAV_4843,std_N
HAV_4844,std_N
HAV_4845,std_N
HAV_4846,std_N
HAV_4847,std_N
HAV_4848,std_N
HAV_4849,std_N
HAV_4850,std_N
HAV_4851,std_N
HAV_4852,std_N
HAV_4853,std_N
HAV_4854,std_N
HAV_4855,std_N
HAV_4856,std_N
HAV_4857,std_N
HAV_4858,std_N
HAV_4859,std_N
HAV_4860,std_N
HAV_4861,std_N
HAV_4862,std_N
HAV_4863,std_N
HAV_4864,std_N
HAV_4865,std_N
HAV_4866,std_N
HAV_4867,std_N
HAV_4868,std_N
HAV_4869,std_N
HAV_4870,std_N
HAV_4871,std_N
HAV_4872,std_N
HAV_4873,std_N
HAV_4874,std_N
HAV_4875,std_N
HAV_4876,std_N
HAV_4877,std_N
HAV_4878,std_N
HAV_4879,std_N
HAV_4880,std_N
HAV_4881,std_N
HAV_4882,std_N
HAV_4883,std_N
HAV_4884,std_N
HAV_4885,std_N
HAV_4886,std_N
HAV_4887,std_N
HAV_4888,std_N
HAV_4889,std_N
HAV_4890,std_N
HAV_4891,std_N
HAV_4892,std_N
HAV_4893,std_N
HAV_4894,std_N
HAV_4895,std_N
HAV_4896,std_N
HAV_4897,std_N
HAV_4898,std_N
HAV_4899,std_N
HAV_4900,std_N
HAV_4901,std_N
HAV_4902,std_N
HAV_4903,std_N
HAV_4904,std_N
HAV_4905,std_N
HAV_4906,std_N
HAV_4907,std_N
HAV_4908,std_N
HAV_4909,std_N
HAV_4910,std_N
HAV_4911,std_N
HAV_4912,std_N
HAV_4913,std_N
HAV_4914,std_N
HAV_4915,std_N
HAV_4916,std_N
HAV_4917,std_N
HAV_4918,std_N
HAV_4919,std_N
HAV_4920,std_N
HAV_4921,std_N
HAV_4922,std_N
HAV_4923,std_N
HAV_4924,std_N
HAV_4925,std_N
HAV_4926,std_N
HAV_4927,std_N
HAV_4928,std_N
HAV_4929,std_N
HAV_4930,std_N
HAV_4931,std_N
HAV_4932,std_N
HAV_4933,std_N
HAV_4934,std_N
HAV_4935,std_N
HAV_4936,std_N
HAV_4937,std_N
HAV_4938,std_N
HAV_4939,std_N
HAV_4940,std_N
HAV_4941,std_N
HAV_4942,std_N
HAV_4943,std_N
HAV_4944,std_N
HAV_4945,std_N
HAV_4946,std_N
HAV_4947,std_N
HAV_4948,std_N
HAV_4949,std_N
HAV_4950,std_N
HAV_4951,std_N
HAV_4952,std_N
HAV_4953,std_N
HAV_4954,std_N
HAV_4955,std_N
HAV_4956,std_N
HAV_4957,std_N
HAV_4958,std_N
HAV_4959,std_N
HAV_4960,std_N
HAV_4961,std_N
HAV_4962,std_N
HAV_4963,std_N
HAV_4964,std_N
HAV_4965,std_N
HAV_4966,std_N
HAV_4967,std_N
HAV_4968,std_N
HAV_4969,std_N
HAV_4970,std_N
HAV_4971,std_N
HAV_4972,std_N
HAV_4973,std_N
HAV_4974,std_N
HAV_4975,std_N
HAV_4976,std_N
HAV_4977,std_N
HAV_4978,std_N
HAV_4979,std_N
HAV_4980,std_N
HAV_4981,std_N
HAV_4982,std_N
HAV_4983,std_N
HAV_4984,std_N
HAV_4985,std_N
HAV_4986,std_N
HAV_4987,std_N
HAV_4988,std_N
HAV_4989,std_N
HAV_4990,std_N
HAV_4991,std_N
HAV_4992,std_N
HAV_4993,std_N
HAV_4994,std_N
HAV_4995,std_N
HAV_4996,std_N
HAV_4997,std_N
HAV_4998,std_N
HAV_4999,std_N
HAV_5000,std_N
HAV_5001,std_N
HAV_5002,std_N
HAV_5003,std_N
HAV_5004,std_N
HAV_5005,std_N
HAV_5006,std_N
HAV_5007,std_N
HAV_5008,std_N
HAV_5009,std_N
HAV_5010,std_N
HAV_5011,std_N
HAV_5012,std_N
HAV_5013,std_N
HAV_5014,std_N
HAV_5015,std_N
HAV_5016,std_N
HAV_5017,std_N
HAV_5018,std_N
HAV_5019,std_N
HAV_5020,std_N
HAV_5021,std_N
HAV_5022,std_N
HAV_5023,std_N
HAV_5024,std_N
HAV_5025,std_N
HAV_5026,std_N
HAV_5027,std_N
HAV_5028,std_N
HAV_5029,std_N
HAV_5030,std_N
HAV_5031,std_N
HAV_5032,std_N
HAV_5033,std_N
HAV_5034,std_N
HAV_5035,std_N
HAV_5036,std_N
HAV_5037,std_N
HAV_5038,std_N
HAV_5039,std_N
HAV_5040,std_N
HAV_5041,std_N
HAV_5042,std_N
HAV_5043,std_N
HAV_5044,std_N
HAV_5045,std_N
HAV_5046,std_N
HAV_5047,std_N
HAV_5048,std_N
HAV_5049,std_N
HAV_5050,std_N
HAV_5051,std_N
HAV_5052,std_N
HAV_5053,std_N
HAV_5054,std_N
HAV_5055,std_N
HAV_5056,std_N
HAV_5057,std_N
HAV_5058,std_N
HAV_5059,std_N
HAV_5060,std_N
HAV_5061,std_N
HAV_5062,std_N
HAV_5063,std_N
HAV_5064,std_N
HAV_5065,std_N
HAV_5066,std_N
HAV_5067,std_N
HAV_5068,std_N
HAV_5069,std_N
HAV_5070,std_N
HAV_5071,std_N
HAV_5072,std_N
HAV_5073,std_N
HAV_5074,std_N
HAV_5075,std_N
HAV_5076,std_N
HAV_5077,std_N
HAV_5078,std_N
HAV_5079,std_N
HAV_5080,std_N
HAV_5081,std_N
HAV_5082,std_N
HAV_5083,std_N
HAV_5084,std_N
HAV_5085,std_N
HAV_5086,std_N
HAV_5087,std_N
HAV_5088,std_N
HAV_5089,std_N
HAV_5090,std_N
HAV_5091,std_N
HAV_5092,std_N
HAV_5093,std_N
HAV_5094,std_N
HAV_5095,std_N
HAV_5096,std_N
HAV_5097,std_N
HAV_5098,std_N
HAV_5099,std_N
HAV_5100,std_N
HAV_5101,std_N
HAV_5102,std_N
HAV_5103,std_N
HAV_5104,std_N
HAV_5105,std_N
HAV_5106,std_N
HAV_5107,std_N
HAV_5108,std_N
HAV_5109,std_N
HAV_5110,std_N
HAV_5111,std_N
HAV_5112,std_N
HAV_5113,std_N
HAV_5114,std_N
HAV_5115,std_N
HAV_5116,std_N
HAV_5117,std_N
HAV_5118,std_N
HAV_5119,std_N
HAV_5120,std_N
HAV_5121,std_N
HAV_5122,std_N
HAV_5123,std_N
HAV_5124,std_N
HAV_5125,std_N
HAV_5126,std_N
HAV_5127,std_N
HAV_5128,std_N
HAV_5129,std_N
HAV_5130,std_N
HAV_5131,std_N
HAV_5132,std_N
HAV_5133,std_N
HAV_5134,std_N
HAV_5135,std_N
HAV_5136,std_N
HAV_5137,std_N
HAV_5138,std_N
HAV_5139,std_N
HAV_5140,std_N
HAV_5141,std_N
HAV_5142,std_N
HAV_5143,std_N
HAV_5144,std_N
HAV_5145,std_N
HAV_5146,std_N
HAV_5147,std_N
HAV_5148,std_N
HAV_5149,std_N
HAV_5150,std_N
HAV_5151,std_N
HAV_5152,std_N
HAV_5153,std_N
HAV_5154,std_N
HAV_5155,std_N
HAV_5156,std_N
HAV_5157,std_N
HAV_5158,std_N
HAV_5159,std_N
HAV_5160,std_N
HAV_5161,std_N
HAV_5162,std_N
HAV_5163,std_N
HAV_5164,std_N
HAV_5165,std_N
HAV_5166,std_N
HAV_5167,std_N
HAV_5168,std_N
HAV_5169,std_N
HAV_5170,std_N
HAV_5171,std_N
HAV_5172,std_N
HAV_5173,std_N
HAV_5174,std_N
HAV_5175,std_N
HAV_5176,std_N
HAV_5177,std_N
HAV_5178,std_N
HAV_5179,std_N
HAV_5180,std_N
HAV_5181,std_N
HAV_5182,std_N
HAV_5183,std_N
HAV_5184,std_N
HAV_5185,std_N
HAV_5186,std_N
HAV_5187,std_N
HAV_5188,std_N
HAV_5189,std_N
HAV_5190,std_N
HAV_5191,std_N
HAV_5192,std_N
HAV_5193,std_N
HAV_5194,std_N
HAV_5195,std_N
HAV_5196,std_N
HAV_5197,std_N
HAV_5198,std_N
HAV_5199,std_N
HAV_5200,std_N
HAV_5201,std_N
HAV_5202,std_N
HAV_5203,std_N
HAV_5204,std_N
HAV_5205,std_N
HAV_5206,std_N
HAV_5207,std_N
HAV_5208,std_N
HAV_5209,std_N
HAV_5210,std_N
HAV_5211,std_N
HAV_5212,std_N
HAV_5213,std_N
HAV_5214,std_N
HAV_5215,std_N
HAV_5216,std_N
HAV_5217,std_N
HAV_5218,std_N
HAV_5219,std_N
HAV_5220,std_N
HAV_5221,std_N
HAV_5222,std_N
HAV_5223,std_N
HAV_5224,std_N
HAV_5225,std_N
HAV_5226,std_N
HAV_5227,std_N
HAV_5228,std_N
HAV_5229,std_N
HAV_5230,std_N
HAV_5231,std_N
HAV_5232,std_N
HAV_5233,std_N
HAV_5234,std_N
HAV_5235,std_N
HAV_5236,std_N
HAV_5237,std_N
HAV_5238,std_N
HAV_5239,std_N
HAV_5240,std_N
HAV_5241,std_N
HAV_5242,std_N
HAV_5243,std_N
HAV_5244,std_N
HAV_5245,std_N
HAV_5246,std_N
HAV_5247,std_N
HAV_5248,std_N
HAV_5249,std_N
HAV_5250,std_N
HAV_5251,std_N
HAV_5252,std_N
HAV_5253,std_N
HAV_5254,std_N
HAV_5255,std_N
HAV_5256,std_N
HAV_5257,std_N
HAV_5258,std_N
HAV_5259,std_N
HAV_5260,std_N
HAV_5261,std_N
HAV_5262,std_N
HAV_5263,std_N
HAV_5264,std_N
HAV_5265,std_N
HAV_5266,std_N
HAV_5267,std_N
HAV_5268,std_N
HAV_5269,std_N
HAV_5270,std_N
HAV_5271,std_N
HAV_5272,std_N
HAV_5273,std_N
HAV_5274,std_N
HAV_5275,std_N
HAV_5276,std_N
HAV_5277,std_N
HAV_5278,std_N
HAV_5279,std_N
HAV_5280,std_N
HAV_5281,std_N
HAV_5282,std_N
HAV_5283,std_N
HAV_5284,std_N
HAV_5285,std_N
HAV_5286,std_N
HAV_5287,std_N
HAV_5288,std_N
HAV_5289,std_N
HAV_5290,std_N
HAV_5291,std_N
HAV_5292,std_N
HAV_5293,std_N
HAV_5294,std_N
HAV_5295,std_N
HAV_5296,std_N
HAV_5297,std_N
HAV_5298,std_N
HAV_5299,std_N
HAV_5300,std_N
HAV_5301,std_N
HAV_5302,std_N
HAV_5303,std_N
HAV_5304,std_N
HAV_5305,std_N
HAV_5306,std_N
HAV_5307,std_N
HAV_5308,std_N
HAV_5309,std_N
HAV_5310,std_N
HAV_5311,std_N
HAV_5312,std_N
HAV_5313,std_N
HAV_5314,std_N
HAV_5315,std_N
HAV_5316,std_N
HAV_5317,std_N
HAV_5318,std_N
HAV_5319,std_N
HAV_5320,std_N
HAV_5321,std_N
HAV_5322,std_N
HAV_5323,std_N
HAV_5324,std_N
HAV_5325,std_N
HAV_5326,std_N
HAV_5327,std_N
HAV_5328,std_N
HAV_5329,std_N
HAV_5330,std_N
HAV_5331,std_N
HAV_5332,std_N
HAV_5333,std_N
HAV_5334,std_N
HAV_5335,std_N
HAV_5336,std_N
HAV_5337,std_N
HAV_5338,std_N
HAV_5339,std_N
HAV_5340,std_N
HAV_5341,std_N
HAV_5342,std_N
HAV_5343,std_N
HAV_5344,std_N
HAV_5345,std_N
HAV_5346,std_N
HAV_5347,std_N
HAV_5348,std_N
HAV_5349,std_N
HAV_5350,std_N
HAV_5351,std_N
HAV_5352,std_N
HAV_5353,std_N
HAV_5354,std_N
HAV_5355,std_N
HAV_5356,std_N
HAV_5357,std_N
HAV_5358,std_N
HAV_5359,std_N
HAV_5360,std_N
HAV_5361,std_N
HAV_5362,std_N
HAV_5363,std_N
HAV_5364,std_N
HAV_5365,std_N
HAV_5366,std_N
HAV_5367,std_N
HAV_5368,std_N
HAV_5369,std_N
HAV_5370,std_N
HAV_5371,std_N
HAV_5372,std_N
HAV_5373,std_N
HAV_5374,std_N
HAV_5375,std_N
HAV_5376,std_N
HAV_5377,std_N
HAV_5378,std_N
HAV_5379,std_N
HAV_5380,std_N
HAV_5381,std_N
HAV_5382,std_N
HAV_5383,std_N
HAV_5384,std_N
HAV_5385,std_N
HAV_5386,std_N
HAV_5387,std_N
HAV_5388,std_N
HAV_5389,std_N
HAV_5390,std_N
HAV_5391,std_N
HAV_5392,std_N
HAV_5393,std_N
HAV_5394,std_N
HAV_5395,std_N
HAV_5396,std_N
HAV_5397,std_N
HAV_5398,std_N
HAV_5399,std_N
HAV_5400,std_N
HAV_5401,std_N
HAV_5402,std_N
HAV_5403,std_N
HAV_5404,std_N
HAV_5405,std_N
HAV_5406,std_N
HAV_5407,std_N
HAV_5408,std_N
HAV_5409,std_N
HAV_5410,std_N
HAV_5411,std_N
HAV_5412,std_N
HAV_5413,std_N
HAV_5414,std_N
HAV_5415,std_N
HAV_5416,std_N
HAV_5417,std_N
HAV_5418,std_N
HAV_5419,std_N
HAV_5420,std_N
HAV_5421,std_N
HAV_5422,std_N
HAV_5423,std_N
HAV_5424,std_N
HAV_5425,std_N
HAV_5426,std_N
HAV_5427,std_N
HAV_5428,std_N
HAV_5429,std_N
HAV_5430,std_N
HAV_5431,std_N
HAV_5432,std_N
HAV_5433,std_N
HAV_5434,std_N
HAV_5435,std_N
HAV_5436,std_N
HAV_5437,std_N
HAV_5438,std_N
HAV_5439,std_N
HAV_5440,std_N
HAV_5441,std_N
HAV_5442,std_N
HAV_5443,std_N
HAV_5444,std_N
HAV_5445,std_N
HAV_5446,std_N
HAV_5447,std_N
HAV_5448,std_N
HAV_5449,std_N
HAV_5450,std_N
HAV_5451,std_N
HAV_5452,std_N
HAV_5453,std_N
HAV_5454,std_N
HAV_5455,std_N
HAV_5456,std_N
HAV_5457,std_N
HAV_5458,std_N
HAV_5459,std_N
HAV_5460,std_N
HAV_5461,std_N
HAV_5462,std_N
HAV_5463,std_N
HAV_5464,std_N
HAV_5465,std_N
HAV_5466,std_N
HAV_5467,std_N
HAV_5468,std_N
HAV_5469,std_N
HAV_5470,std_N
HAV_5471,std_N
HAV_5472,std_N
HAV_5473,std_N
HAV_5474,std_N
HAV_5475,std_N
HAV_5476,std_N
HAV_5477,std_N
HAV_5478,std_N
HAV_5479,std_N
HAV_5480,std_N
HAV_5481,std_N
HAV_5482,std_N
HAV_5483,std_N
HAV_5484,std_N
HAV_5485,std_N
HAV_5486,std_N
HAV_5487,std_N
HAV_5488,std_N
HAV_5489,std_N
HAV_5490,std_N
HAV_5491,std_N
HAV_5492,std_N
HAV_5493,std_N
HAV_5494,std_N
HAV_5495,std_N
HAV_5496,std_N
HAV_5497,std_N
HAV_5498,std_N
HAV_5499,std_N
HAV_5500,std_N
HAV_5501,std_N
HAV_5502,std_N
HAV_5503,std_N
HAV_5504,std_N
HAV_5505,std_N
HAV_5506,std_N
HAV_5507,std_N
HAV_5508,std_N
HAV_5509,std_N
HAV_5510,std_N
HAV_5511,std_N
HAV_5512,std_N
HAV_5513,std_N
HAV_5514,std_N
HAV_5515,std_N
HAV_5516,std_N
HAV_5517,std_N
HAV_5518,std_N
HAV_5519,std_N
HAV_5520,std_N
HAV_5521,std_N
HAV_5522,std_N
HAV_5523,std_N
HAV_5524,std_N
HAV_5525,std_N
HAV_5526,std_N
HAV_5527,std_N
HAV_5528,std_N
HAV_5529,std_N
HAV_5530,std_N
HAV_5531,std_N
HAV_5532,std_N
HAV_5533,std_N
HAV_5534,std_N
HAV_5535,std_N
HAV_5536,std_N
HAV_5537,std_N
HAV_5538,std_N
HAV_5539,std_N
HAV_5540,std_N
HAV_5541,std_N
HAV_5542,std_N
HAV_5543,std_N
HAV_5544,std_N
HAV_5545,std_N
HAV_5546,std_N
HAV_5547,std_N
HAV_5548,std_N
HAV_5549,std_N
HAV_5550,std_N
HAV_5551,std_N
HAV_5552,std_N
HAV_5553,std_N
HAV_5554,std_N
HAV_5555,std_N
HAV_5556,std_N
HAV_5557,std_N
HAV_5558,std_N
HAV_5559,std_N
HAV_5560,std_N
HAV_5561,std_N
HAV_5562,std_N
HAV_5563,std_N
HAV_5564,std_N
HAV_5565,std_N
HAV_5566,std_N
HAV_5567,std_N
HAV_5568,std_N
HAV_5569,std_N
HAV_5570,std_N
HAV_5571,std_N
HAV_5572,std_N
HAV_5573,std_N
HAV_5574,std_N
HAV_5575,std_N
HAV_5576,std_N
HAV_5577,std_N
HAV_5578,std_N
HAV_5579,std_N
HAV_5580,std_N
HAV_5581,no_N
HAV_5582,no_N
HAV_5583,no_N
HAV_5584,no_N
HAV_5585,no_N
HAV_5586,no_N
HAV_5587,no_N
HAV_5588,no_N
HAV_5589,no_N
HAV_5590,no_N
HAV_5591,no_N
HAV_5592,no_N
HAV_5593,no_N
HAV_5594,no_N
HAV_5595,no_N
HAV_5596,no_N
HAV_5597,no_N
HAV_5598,no_N
HAV_5599,no_N
HAV_5600,no_N
HAV_5601,no_N
HAV_5602,no_N
HAV_5603,no_N
HAV_5604,no_N
HAV_5605,no_N
HAV_5606,no_N
HAV_5607,no_N
HAV_5608,no_N
HAV_5609,no_N
HAV_5610,no_N
HAV_5611,no_N
HAV_5612,no_N
HAV_5613,no_N
HAV_5614,no_N
HAV_5615,no_N
HAV_5616,no_N
HAV_5617,no_N
HAV_5618,no_N
HAV_5619,no_N
HAV_5620,no_N
HAV_5621,no_N
HAV_5622,no_N
HAV_5623,no_N
HAV_5624,no_N
HAV_5625,no_N
HAV_5626,no_N
HAV_5627,no_N
HAV_5628,no_N
HAV_5629,no_N
HAV_5630,no_N
HAV_5631,no_N
HAV_5632,no_N
HAV_5633,no_N
HAV_5634,no_N
HAV_5635,no_N
HAV_5636,no_N
HAV_5637,no_N
HAV_5638,no_N
HAV_5639,no_N
HAV_5640,no_N
HAV_5641,no_N
HAV_5642,no_N
HAV_5643,no_N
HAV_5644,no_N
HAV_5645,no_N
HAV_5646,no_N
HAV_5647,no_N
HAV_5648,no_N
HAV_5649,no_N
HAV_5650,no_N
HAV_5651,no_N
HAV_5652,no_N
HAV_5653,no_N
HAV_5654,no_N
HAV_5655,no_N
HAV_5656,no_N
HAV_5657,no_N
HAV_5658,no_N
HAV_5659,no_N
HAV_5660,no_N
HAV_5661,no_N
HAV_5662,no_N
HAV_5663,no_N
HAV_5664,no_N
HAV_5665,no_N
HAV_5666,no_N
HAV_5667,no_N
HAV_5668,no_N
HAV_5669,no_N
HAV_5670,no_N
HAV_5671,no_N
HAV_5672,no_N
HAV_5673,no_N
HAV_5674,no_N
HAV_5675,no_N
HAV_5676,no_N
HAV_5677,no_N
HAV_5678,no_N
HAV_5679,no_N
HAV_5680,no_N
HAV_5681,no_N
HAV_5682,no_N
HAV_5683,no_N
HAV_5684,no_N
HAV_5685,no_N
HAV_5686,no_N
HAV_5687,no_N
HAV_5688,no_N
HAV_5689,no_N
HAV_5690,no_N
HAV_5691,no_N
HAV_5692,no_N
HAV_5693,no_N
HAV_5694,no_N
HAV_5695,no_N
HAV_5696,no_N
HAV_5697,no_N
HAV_5698,no_N
HAV_5699,no_N
HAV_5700,no_N
HAV_5701,no_N
HAV_5702,no_N
HAV_5703,no_N
HAV_5704,no_N
HAV_5705,no_N
HAV_5706,no_N
HAV_5707,no_N
HAV_5708,no_N
HAV_5709,no_N
HAV_5710,no_N
HAV_5711,no_N
HAV_5712,no_N
HAV_5713,no_N
HAV_5714,no_N
HAV_5715,no_N
HAV_5716,no_N
HAV_5717,no_N
HAV_5718,no_N
HAV_5719,no_N
HAV_5720,no_N
HAV_5721,no_N
HAV_5722,no_N
HAV_5723,no_N
HAV_5724,no_N
HAV_5725,no_N
HAV_5726,no_N
HAV_5727,no_N
HAV_5728,no_N
HAV_5729,no_N
HAV_5730,no_N
HAV_5731,no_N
HAV_5732,no_N
HAV_5733,no_N
HAV_5734,no_N
HAV_5735,no_N
HAV_5736,no_N
HAV_5737,no_N
HAV_5738,no_N
HAV_5739,no_N
HAV_5740,no_N
HAV_5741,no_N
HAV_5742,no_N
HAV_5743,no_N
HAV_5744,no_N
HAV_5745,no_N
HAV_5746,no_N
HAV_5747,no_N
HAV_5748,no_N
HAV_5749,no_N
HAV_5750,no_N
HAV_5751,no_N
HAV_5752,no_N
HAV_5753,no_N
HAV_5754,no_N
HAV_5755,no_N
HAV_5756,no_N
HAV_5757,no_N
HAV_5758,no_N
HAV_5759,no_N
HAV_5760,no_N
HAV_5761,no_N
HAV_5762,no_N
HAV_5763,no_N
HAV_5764,no_N
HAV_5765,no_N
HAV_5766,no_N
HAV_5767,no_N
HAV_5768,no_N
HAV_5769,no_N
HAV_5770,no_N
HAV_5771,no_N
HAV_5772,no_N
HAV_5773,no_N
HAV_5774,no_N
HAV_5775,no_N
HAV_5776,no_N
HAV_5777,no_N
HAV_5778,no_N
HAV_5779,no_N
HAV_5780,no_N
HAV_5781,no_N
HAV_5782,no_N
HAV_5783,no_N
HAV_5784,no_N
HAV_5785,no_N
HAV_5786,no_N
HAV_5787,no_N
HAV_5788,no_N
HAV_5789,no_N
HAV_5790,no_N
HAV_5791,no_N
HAV_5792,no_N
HAV_5793,no_N
HAV_5794,no_N
HAV_5795,no_N
HAV_5796,no_N
HAV_5797,no_N
HAV_5798,no_N
HAV_5799,no_N
HAV_5800,no_N
HAV_5801,no_N
HAV_5802,no_N
HAV_5803,no_N
HAV_5804,no_N
HAV_5805,no_N
HAV_5806,no_N
HAV_5807,no_N
HAV_5808,no_N
HAV_5809,no_N
HAV_5810,no_N
HAV_5811,no_N
HAV_5812,no_N
HAV_5813,no_N
HAV_5814,no_N
HAV_5815,no_N
HAV_5816,no_N
HAV_5817,no_N
HAV_5818,no_N
HAV_5819,no_N
HAV_5820,no_N
HAV_5821,no_N
HAV_5822,no_N
HAV_5823,no_N
HAV_5824,no_N
HAV_5825,no_N
HAV_5826,no_N
HAV_5827,no_N
HAV_5828,no_N
HAV_5829,no_N
HAV_5830,no_N
HAV_5831,no_N
HAV_5832,no_N
HAV_5833,no_N
HAV_5834,no_N
HAV_5835,no_N
HAV_5836,no_N
HAV_5837,no_N
HAV_5838,no_N
HAV_5839,no_N
HAV_5840,no_N
HAV_5841,no_N
HAV_5842,no_N
HAV_5843,no_N
HAV_5844,no_N
HAV_5845,no_N
HAV_5846,no_N
HAV_5847,no_N
HAV_5848,no_N
HAV_5849,no_N
HAV_5850,no_N
HAV_5851,no_N
HAV_5852,no_N
HAV_5853,no_N
HAV_5854,no_N
HAV_5855,no_N
HAV_5856,no_N
HAV_5857,no_N
HAV_5858,no_N
HAV_5859,no_N
HAV_5860,no_N
HAV_5861,no_N
HAV_5862,no_N
HAV_5863,no_N
HAV_5864,no_N
HAV_5865,no_N
HAV_5866,no_N
HAV_5867,no_N
HAV_5868,no_N
HAV_5869,no_N
HAV_5870,no_N
HAV_5871,no_N
HAV_5872,no_N
HAV_5873,no_N
HAV_5874,no_N
HAV_5875,no_N
HAV_5876,no_N
HAV_5877,no_N
HAV_5878,no_N
HAV_5879,no_N
HAV_5880,no_N
HAV_5881,no_N
HAV_5882,no_N
HAV_5883,no_N
HAV_5884,no_N
HAV_5885,no_N
HAV_5886,no_N
HAV_5887,no_N
HAV_5888,no_N
HAV_5889,no_N
HAV_5890,no_N
HAV_5891,no_N
HAV_5892,no_N
HAV_5893,no_N
HAV_5894,no_N
HAV_5895,no_N
HAV_5896,no_N
HAV_5897,no_N
HAV_5898,no_N
HAV_5899,no_N
HAV_5900,no_N
HAV_5901,no_N
HAV_5902,no_N
HAV_5903,no_N
HAV_5904,no_N
HAV_5905,no_N
HAV_5906,no_N
HAV_5907,no_N
HAV_5908,no_N
HAV_5909,no_N
HAV_5910,no_N
HAV_5911,no_N
HAV_5912,no_N
HAV_5913,no_N
HAV_5914,no_N
HAV_5915,no_N
HAV_5916,no_N
HAV_5917,no_N
HAV_5918,no_N
HAV_5919,no_N
HAV_5920,no_N
HAV_5921,no_N
HAV_5922,no_N
HAV_5923,no_N
HAV_5924,no_N
HAV_5925,no_N
HAV_5926,no_N
HAV_5927,no_N
HAV_5928,no_N
HAV_5929,no_N
HAV_5930,no_N
HAV_5931,no_N
HAV_5932,no_N
HAV_5933,no_N
HAV_5934,no_N
HAV_5935,no_N
HAV_5936,no_N
HAV_5937,no_N
HAV_5938,no_N
HAV_5939,no_N
HAV_5940,no_N
HAV_5941,no_N
HAV_5942,no_N
HAV_5943,no_N
HAV_5944,no_N
HAV_5945,no_N
HAV_5946,no_N
HAV_5947,no_N
HAV_5948,no_N
HAV_5949,no_N
HAV_5950,no_N
HAV_5951,no_N
HAV_5952,no_N
HAV_5953,no_N
HAV_5954,no_N
HAV_5955,no_N
HAV_5956,no_N
HAV_5957,no_N
HAV_5958,no_N
HAV_5959,no_N
HAV_5960,no_N
HAV_5961,no_N
HAV_5962,no_N
HAV_5963,no_N
HAV_5964,no_N
HAV_5965,no_N
HAV_5966,no_N
HAV_5967,no_N
HAV_5968,no_N
HAV_5969,no_N
HAV_5970,no_N
HAV_5971,no_N
HAV_5972,no_N
HAV_5973,no_N
HAV_5974,no_N
HAV_5975,no_N
HAV_5976,no_N
HAV_5977,no_N
HAV_5978,no_N
HAV_5979,no_N
HAV_5980,no_N
HAV_5981,no_N
HAV_5982,no_N
HAV_5983,no_N
HAV_5984,no_N
HAV_5985,no_N
HAV_5986,no_N
HAV_5987,no_N
HAV_5988,no_N
HAV_5989,no_N
HAV_5990,no_N
HAV_5991,no_N
HAV_5992,no_N
HAV_5993,no_N
HAV_5994,no_N
HAV_5995,no_N
HAV_5996,no_N
HAV_5997,no_N
HAV_5998,no_N
HAV_5999,no_N
HAV_6000,no_N
HAV_6001,no_N
HAV_6002,no_N
HAV_6003,no_N
HAV_6004,no_N
HAV_6005,no_N
HAV_6006,no_N
HAV_6007,no_N
HAV_6008,no_N
HAV_6009,no_N
HAV_6010,no_N
HAV_6011,no_N
HAV_6012,no_N
HAV_6013,no_N
HAV_6014,no_N
HAV_6015,no_N
HAV_6016,no_N
HAV_6017,no_N
HAV_6018,no_N
HAV_6019,no_N
HAV_6020,no_N
HAV_6021,no_N
HAV_6022,no_N
HAV_6023,no_N
HAV_6024,no_N
HAV_6025,no_N
HAV_6026,no_N
HAV_6027,no_N
HAV_6028,no_N
HAV_6029,no_N
HAV_6030,no_N
HAV_6031,no_N
HAV_6032,no_N
HAV_6033,no_N
HAV_6034,no_N
HAV_6035,no_N
HAV_6036,no_N
HAV_6037,no_N
HAV_6038,no_N
HAV_6039,no_N
HAV_6040,no_N
HAV_6041,no_N
HAV_6042,no_N
HAV_6043,no_N
HAV_6044,no_N
HAV_6045,no_N
HAV_6046,no_N
HAV_6047,no_N
HAV_6048,no_N
HAV_6049,no_N
HAV_6050,no_N
HAV_6051,no_N
HAV_6052,no_N
HAV_6053,no_N
HAV_6054,no_N
HAV_6055,no_N
HAV_6056,no_N
HAV_6057,no_N
HAV_6058,no_N
HAV_6059,no_N
HAV_6060,no_N
HAV_6061,no_N
HAV_6062,no_N
HAV_6063,no_N
HAV_6064,no_N
HAV_6065,no_N
HAV_6066,no_N
HAV_6067,no_N
HAV_6068,no_N
HAV_6069,no_N
HAV_6070,no_N
HAV_6071,no_N
HAV_6072,no_N
HAV_6073,no_N
HAV_6074,no_N
HAV_6075,no_N
HAV_6076,no_N
HAV_6077,no_N
HAV_6078,no_N
HAV_6079,no_N
HAV_6080,no_N
HAV_6081,no_N
HAV_6082,no_N
HAV_6083,no_N
HAV_6084,no_N
HAV_6085,no_N
HAV_6086,no_N
HAV_6087,no_N
HAV_6088,no_N
HAV_6089,no_N
HAV_6090,no_N
HAV_6091,no_N
HAV_6092,no_N
HAV_6093,no_N
HAV_6094,no_N
HAV_6095,no_N
HAV_6096,no_N
HAV_6097,no_N
HAV_6098,no_N
HAV_6099,no_N
HAV_6100,no_N
HAV_6101,no_N
HAV_6102,no_N
HAV_6103,no_N
HAV_6104,no_N
HAV_6105,no_N
HAV_6106,no_N
HAV_6107,no_N
HAV_6108,no_N
HAV_6109,no_N
HAV_6110,no_N
HAV_6111,no_N
HAV_6112,no_N
HAV_6113,no_N
HAV_6114,no_N
HAV_6115,no_N
HAV_6116,no_N
HAV_6117,no_N
HAV_6118,no_N
HAV_6119,no_N
HAV_6120,no_N
HAV_6121,no_N
HAV_6122,no_N
HAV_6123,no_N
HAV_6124,no_N
HAV_6125,no_N
HAV_6126,no_N
HAV_6127,no_N
HAV_6128,no_N
HAV_6129,no_N
HAV_6130,no_N
HAV_6131,no_N
HAV_6132,no_N
HAV_6133,no_N
HAV_6134,no_N
HAV_6135,no_N
HAV_6136,no_N
HAV_6137,no_N
HAV_6138,no_N
HAV_6139,no_N
HAV_6140,no_N
HAV_6141,no_N
HAV_6142,no_N
HAV_6143,no_N
HAV_6144,no_N
HAV_6145,no_N
HAV_6146,no_N
HAV_6147,no_N
HAV_6148,no_N
HAV_6149,no_N
HAV_6150,no_N
HAV_6151,no_N
HAV_6152,no_N
HAV_6153,no_N
HAV_6154,no_N
HAV_6155,no_N
HAV_6156,no_N
HAV_6157,no_N
HAV_6158,no_N
HAV_6159,no_N
HAV_6160,no_N
HAV_6161,no_N
HAV_6162,no_N
HAV_6163,no_N
HAV_6164,no_N
HAV_6165,no_N
HAV_6166,no_N
HAV_6167,no_N
HAV_6168,no_N
HAV_6169,no_N
HAV_6170,no_N
HAV_6171,no_N
HAV_6172,no_N
HAV_6173,no_N
HAV_6174,no_N
HAV_6175,no_N
HAV_6176,no_N
HAV_6177,no_N
HAV_6178,no_N
HAV_6179,no_N
HAV_6180,no_N
HAV_6181,no_N
HAV_6182,no_N
HAV_6183,no_N
HAV_6184,no_N
HAV_6185,no_N
HAV_6186,no_N
HAV_6187,no_N
HAV_6188,no_N
HAV_6189,no_N
HAV_6190,no_N
HAV_6191,no_N
HAV_6192,no_N
HAV_6193,no_N
HAV_6194,no_N
HAV_6195,no_N
HAV_6196,no_N
HAV_6197,no_N
HAV_6198,no_N
HAV_6199,no_N
HAV_6200,no_N
HAV_6201,no_N
HAV_6202,no_N
HAV_6203,no_N
HAV_6204,no_N
HAV_6205,no_N
HAV_6206,no_N
HAV_6207,no_N
HAV_6208,no_N
HAV_6209,no_N
HAV_6210,no_N
HAV_6211,no_N
HAV_6212,no_N
HAV_6213,no_N
HAV_6214,no_N
HAV_6215,no_N
HAV_6216,no_N
HAV_6217,no_N
HAV_6218,no_N
HAV_6219,no_N
HAV_6220,no_N
HAV_6221,no_N
HAV_6222,no_N
HAV_6223,no_N
HAV_6224,no_N
HAV_6225,no_N
HAV_6226,no_N
HAV_6227,no_N
HAV_6228,no_N
HAV_6229,no_N
HAV_6230,no_N
HAV_6231,no_N
HAV_6232,no_N
HAV_6233,no_N
HAV_6234,no_N
HAV_6235,no_N
HAV_6236,no_N
HAV_6237,no_N
HAV_6238,no_N
HAV_6239,no_N
HAV_6240,no_N
HAV_6241,no_N
HAV_6242,no_N
HAV_6243,no_N
HAV_6244,no_N
HAV_6245,no_N
HAV_6246,no_N
HAV_6247,no_N
HAV_6248,no_N
HAV_6249,no_N
HAV_6250,no_N
HAV_6251,no_N
HAV_6252,no_N
HAV_6253,no_N
HAV_6254,no_N
HAV_6255,no_N
HAV_6256,no_N
HAV_6257,no_N
HAV_6258,no_N
HAV_6259,no_N
HAV_6260,no_N
HAV_6261,no_N
HAV_6262,no_N
HAV_6263,no_N
HAV_6264,no_N
HAV_6265,no_N
HAV_6266,no_N
HAV_6267,no_N
HAV_6268,no_N
HAV_6269,no_N
HAV_6270,no_N
HAV_6271,no_N
HAV_6272,no_N
HAV_6273,no_N
HAV_6274,no_N
HAV_6275,no_N
HAV_6276,no_N
HAV_6277,no_N
HAV_6278,no_N
HAV_6279,no_N
HAV_6280,no_N
HAV_6281,no_N
HAV_6282,no_N
HAV_6283,no_N
HAV_6284,no_N
HAV_6285,no_N
HAV_6286,no_N
HAV_6287,no_N
HAV_6288,no_N
HAV_6289,no_N
HAV_6290,no_N
HAV_6291,no_N
HAV_6292,no_N
HAV_6293,no_N
HAV_6294,no_N
HAV_6295,no_N
HAV_6296,no_N
HAV_6297,no_N
HAV_6298,no_N
HAV_6299,no_N
HAV_6300,no_N
HAV_6301,no_N
HAV_6302,no_N
HAV_6303,no_N
HAV_6304,no_N
HAV_6305,no_N
HAV_6306,no_N
HAV_6307,no_N
HAV_6308,no_N
HAV_6309,no_N
HAV_6310,no_N
HAV_6311,no_N
HAV_6312,no_N
HAV_6313,no_N
HAV_6314,no_N
HAV_6315,no_N
HAV_6316,no_N
HAV_6317,no_N
HAV_6318,no_N
HAV_6319,no_N
HAV_6320,no_N
HAV_6321,no_N
HAV_6322,no_N
HAV_6323,no_N
HAV_6324,no_N
HAV_6325,no_N
HAV_6326,no_N
HAV_6327,no_N
HAV_6328,no_N
HAV_6329,no_N
HAV_6330,no_N
HAV_6331,no_N
HAV_6332,no_N
HAV_6333,no_N
HAV_6334,no_N
HAV_6335,no_N
HAV_6336,no_N
HAV_6337,no_N
HAV_6338,no_N
HAV_6339,no_N
HAV_6340,no_N
HAV_6341,no_N
HAV_6342,no_N
HAV_6343,no_N
HAV_6344,no_N
HAV_6345,no_N
HAV_6346,no_N
HAV_6347,no_N
HAV_6348,no_N
HAV_6349,no_N
HAV_6350,no_N
HAV_6351,no_N
HAV_6352,no_N
HAV_6353,no_N
HAV_6354,no_N
HAV_6355,no_N
HAV_6356,no_N
HAV_6357,no_N
HAV_6358,no_N
HAV_6359,no_N
HAV_6360,no_N
HAV_6361,no_N
HAV_6362,no_N
HAV_6363,no_N
HAV_6364,no_N
HAV_6365,no_N
HAV_6366,no_N
HAV_6367,no_N
HAV_6368,no_N
HAV_6369,no_N
HAV_6370,no_N
HAV_6371,no_N
HAV_6372,no_N
HAV_6373,no_N
HAV_6374,no_N
HAV_6375,no_N
HAV_6376,no_N
HAV_6377,no_N
HAV_6378,no_N
HAV_6379,no_N
HAV_6380,no_N
HAV_6381,no_N
HAV_6382,no_N
HAV_6383,no_N
HAV_6384,no_N
HAV_6385,no_N
HAV_6386,no_N
HAV_6387,no_N
HAV_6388,no_N
HAV_6389,no_N
HAV_6390,no_N
HAV_6391,no_N
HAV_6392,no_N
HAV_6393,no_N
HAV_6394,no_N
HAV_6395,no_N
HAV_6396,no_N
HAV_6397,no_N
HAV_6398,no_N
HAV_6399,no_N
HAV_6400,no_N
HAV_6401,no_N
HAV_6402,no_N
HAV_6403,no_N
HAV_6404,no_N
HAV_6405,no_N
HAV_6406,no_N
HAV_6407,no_N
HAV_6408,no_N
HAV_6409,no_N
HAV_6410,no_N
HAV_6411,no_N
HAV_6412,no_N
HAV_6413,no_N
HAV_6414,no_N
HAV_6415,no_N
HAV_6416,no_N
HAV_6417,no_N
HAV_6418,no_N
HAV_6419,no_N
HAV_6420,no_N
HAV_6421,no_N
HAV_6422,no_N
HAV_6423,no_N
HAV_6424,no_N
HAV_6425,no_N
HAV_6426,no_N
HAV_6427,no_N
HAV_6428,no_N
HAV_6429,no_N
HAV_6430,no_N
HAV_6431,no_N
HAV_6432,no_N
HAV_6433,no_N
HAV_6434,no_N
HAV_6435,no_N
HAV_6436,no_N
HAV_6437,no_N
HAV_6438,no_N
HAV_6439,no_N
HAV_6440,no_N
HAV_6441,no_N
HAV_6442,no_N
HAV_6443,no_N
HAV_6444,no_N
HAV_6445,no_N
HAV_6446,no_N
HAV_6447,no_N
HAV_6448,no_N
HAV_6449,no_N
HAV_6450,no_N
HAV_6451,no_N
HAV_6452,no_N
HAV_6453,no_N
HAV_6454,no_N
HAV_6455,no_N
HAV_6456,no_N
HAV_6457,no_N
HAV_6458,no_N
HAV_6459,no_N
HAV_6460,no_N
HAV_6461,no_N
HAV_6462,no_N
HAV_6463,no_N
HAV_6464,no_N
HAV_6465,no_N
HAV_6466,no_N
HAV_6467,no_N
HAV_6468,no_N
HAV_6469,no_N
HAV_6470,no_N
HAV_6471,no_N
HAV_6472,no_N
HAV_6473,no_N
HAV_6474,no_N
HAV_6475,no_N
HAV_6476,no_N
HAV_6477,no_N
HAV_6478,no_N
HAV_6479,no_N
HAV_6480,no_N
HAV_6481,no_N
HAV_6482,no_N
HAV_6483,no_N
HAV_6484,no_N
HAV_6485,no_N
HAV_6486,no_N
HAV_6487,no_N
HAV_6488,no_N
HAV_6489,no_N
HAV_6490,no_N
HAV_6491,no_N
HAV_6492,no_N
HAV_6493,no_N
HAV_6494,no_N
HAV_6495,no_N
HAV_6496,no_N
HAV_6497,no_N
HAV_6498,no_N
HAV_6499,no_N
HAV_6500,no_N
HAV_6501,no_N
HAV_6502,no_N
HAV_6503,no_N
HAV_6504,no_N
HAV_6505,no_N
HAV_6506,no_N
HAV_6507,no_N
HAV_6508,no_N
HAV_6509,no_N
HAV_6510,no_N
HAV_6511,no_N
HAV_6512,no_N
HAV_6513,no_N
HAV_6514,no_N
HAV_6515,no_N
HAV_6516,no_N
HAV_6517,no_N
HAV_6518,no_N
HAV_6519,no_N
HAV_6520,no_N
HAV_6521,no_N
HAV_6522,no_N
HAV_6523,no_N
HAV_6524,no_N
HAV_6525,no_N
HAV_6526,no_N
HAV_6527,no_N
HAV_6528,no_N
HAV_6529,no_N
HAV_6530,no_N
HAV_6531,no_N
HAV_6532,no_N
HAV_6533,no_N
HAV_6534,no_N
HAV_6535,no_N
HAV_6536,no_N
HAV_6537,no_N
HAV_6538,no_N
HAV_6539,no_N
HAV_6540,no_N
HAV_6541,no_N
HAV_6542,no_N
HAV_6543,no_N
HAV_6544,no_N
HAV_6545,no_N
HAV_6546,no_N
HAV_6547,no_N
HAV_6548,no_N
HAV_6549,no_N
HAV_6550,no_N
HAV_6551,no_N
HAV_6552,no_N
HAV_6553,no_N
HAV_6554,no_N
HAV_6555,no_N
HAV_6556,no_N
HAV_6557,no_N
HAV_6558,no_N
HAV_6559,no_N
HAV_6560,no_N
HAV_6561,no_N
HAV_6562,no_N
HAV_6563,no_N
HAV_6564,no_N
HAV_6565,no_N
HAV_6566,no_N
HAV_6567,no_N
HAV_6568,no_N
HAV_6569,no_N
HAV_6570,no_N
HAV_6571,no_N
HAV_6572,no_N
HAV_6573,no_N
HAV_6574,no_N
HAV_6575,no_N
HAV_6576,no_N
HAV_6577,no_N
HAV_6578,no_N
HAV_6579,no_N
HAV_6580,no_N
HAV_6581,no_N
HAV_6582,no_N
HAV_6583,no_N
HAV_6584,no_N
HAV_6585,no_N
HAV_6586,no_N
HAV_6587,no_N
HAV_6588,no_N
HAV_6589,no_N
HAV_6590,no_N
HAV_6591,no_N
HAV_6592,no_N
HAV_6593,no_N
HAV_6594,no_N
HAV_6595,no_N
HAV_6596,no_N
HAV_6597,no_N
HAV_6598,no_N
HAV_6599,no_N
HAV_6600,no_N
HAV_6601,no_N
HAV_6602,no_N
HAV_6603,no_N
HAV_6604,no_N
HAV_6605,no_N
HAV_6606,no_N
HAV_6607,no_N
HAV_6608,no_N
HAV_6609,no_N
HAV_6610,no_N
HAV_6611,no_N
HAV_6612,no_N
HAV_6613,no_N
HAV_6614,no_N
HAV_6615,no_N
HAV_6616,no_N
HAV_6617,no_N
HAV_6618,no_N
HAV_6619,no_N
HAV_6620,no_N
HAV_6621,no_N
HAV_6622,no_N
HAV_6623,no_N
HAV_6624,no_N
HAV_6625,no_N
HAV_6626,no_N
HAV_6627,no_N
HAV_6628,no_N
HAV_6629,no_N
HAV_6630,no_N
HAV_6631,no_N
HAV_6632,no_N
HAV_6633,no_N
HAV_6634,no_N
HAV_6635,no_N
HAV_6636,no_N
HAV_6637,no_N
HAV_6638,no_N
HAV_6639,no_N
HAV_6640,no_N
HAV_6641,no_N
HAV_6642,no_N
HAV_6643,no_N
HAV_6644,no_N
HAV_6645,no_N
HAV_6646,no_N
HAV_6647,no_N
HAV_6648,no_N
HAV_6649,no_N
HAV_6650,no_N
HAV_6651,no_N
HAV_6652,no_N
HAV_6653,no_N
HAV_6654,no_N
HAV_6655,no_N
HAV_6656,no_N
HAV_6657,no_N
HAV_6658,no_N
HAV_6659,no_N
HAV_6660,no_N
HAV_6661,no_N
HAV_6662,no_N
HAV_6663,no_N
HAV_6664,no_N
HAV_6665,no_N
HAV_6666,no_N
HAV_6667,no_N
HAV_6668,no_N
HAV_6669,no_N
HAV_6670,no_N
HAV_6671,no_N
HAV_6672,no_N
HAV_6673,no_N
HAV_6674,no_N
HAV_6675,no_N
HAV_6676,no_N
HAV_6677,no_N
HAV_6678,no_N
HAV_6679,no_N
HAV_6680,no_N
HAV_6681,no_N
HAV_6682,no_N
HAV_6683,no_N
HAV_6684,no_N
HAV_6685,no_N
HAV_6686,no_N
HAV_6687,no_N
HAV_6688,no_N
HAV_6689,no_N
HAV_6690,no_N
HAV_6691,no_N
HAV_6692,no_N
HAV_6693,no_N
HAV_6694,no_N
HAV_6695,no_N
HAV_6696,no_N
HAV_6697,no_N
HAV_6698,no_N
HAV_6699,no_N
HAV_6700,no_N
HAV_6701,no_N
HAV_6702,no_N
HAV_6703,no_N
HAV_6704,no_N
HAV_6705,no_N
HAV_6706,no_N
HAV_6707,no_N
HAV_6708,no_N
HAV_6709,no_N
HAV_6710,no_N
HAV_6711,no_N
HAV_6712,no_N
HAV_6713,no_N
HAV_6714,no_N
HAV_6715,no_N
HAV_6716,no_N
HAV_6717,no_N
HAV_6718,no_N
HAV_6719,no_N
HAV_6720,no_N
HAV_6721,no_N
HAV_6722,no_N
HAV_6723,no_N
HAV_6724,no_N
HAV_6725,no_N
HAV_6726,no_N
HAV_6727,no_N
HAV_6728,no_N
HAV_6729,no_N
HAV_6730,no_N
HAV_6731,no_N
HAV_6732,no_N
HAV_6733,no_N
HAV_6734,no_N
HAV_6735,no_N
HAV_6736,no_N
HAV_6737,no_N
HAV_6738,no_N
HAV_6739,no_N
HAV_6740,no_N
HAV_6741,no_N
HAV_6742,no_N
HAV_6743,no_N
HAV_6744,no_N
HAV_6745,no_N
HAV_6746,no_N
HAV_6747,no_N
HAV_6748,no_N
HAV_6749,no_N
HAV_6750,no_N
HAV_6751,no_N
HAV_6752,no_N
HAV_6753,no_N
HAV_6754,no_N
HAV_6755,no_N
HAV_6756,no_N
HAV_6757,no_N
HAV_6758,no_N
HAV_6759,no_N
HAV_6760,no_N
HAV_6761,no_N
HAV_6762,no_N
HAV_6763,no_N
HAV_6764,no_N
HAV_6765,no_N
HAV_6766,no_N
HAV_6767,no_N
HAV_6768,no_N
HAV_6769,no_N
HAV_6770,no_N
HAV_6771,no_N
HAV_6772,no_N
HAV_6773,no_N
HAV_6774,no_N
HAV_6775,no_N
HAV_6776,no_N
HAV_6777,no_N
HAV_6778,no_N
HAV_6779,no_N
HAV_6780,no_N
HAV_6781,no_N
HAV_6782,no_N
HAV_6783,no_N
HAV_6784,no_N
HAV_6785,no_N
HAV_6786,no_N
HAV_6787,no_N
HAV_6788,no_N
HAV_6789,no_N
HAV_6790,no_N
HAV_6791,no_N
HAV_6792,no_N
HAV_6793,no_N
HAV_6794,no_N
HAV_6795,no_N
HAV_6796,no_N
HAV_6797,no_N
HAV_6798,no_N
HAV_6799,no_N
HAV_6800,no_N
HAV_6801,no_N
HAV_6802,no_N
HAV_6803,no_N
HAV_6804,no_N
HAV_6805,no_N
HAV_6806,no_N
HAV_6807,no_N
HAV_6808,no_N
HAV_6809,no_N
HAV_6810,no_N
HAV_6811,no_N
HAV_6812,no_N
HAV_6813,no_N
HAV_6814,no_N
HAV_6815,no_N
HAV_6816,no_N
HAV_6817,no_N
HAV_6818,no_N
HAV_6819,no_N
HAV_6820,no_N
HAV_6821,no_N
HAV_6822,no_N
HAV_6823,no_N
HAV_6824,no_N
HAV_6825,no_N
HAV_6826,no_N
HAV_6827,no_N
HAV_6828,no_N
HAV_6829,no_N
HAV_6830,no_N
HAV_6831,no_N
HAV_6832,no_N
HAV_6833,no_N
HAV_6834,no_N
HAV_6835,no_N
HAV_6836,no_N
HAV_6837,no_N
HAV_6838,no_N
HAV_6839,no_N
HAV_6840,no_N
HAV_6841,no_N
HAV_6842,no_N
HAV_6843,no_N
HAV_6844,no_N
HAV_6845,no_N
HAV_6846,no_N
HAV_6847,no_N
HAV_6848,no_N
HAV_6849,no_N
HAV_6850,no_N
HAV_6851,no_N
HAV_6852,no_N
HAV_6853,no_N
HAV_6854,no_N
HAV_6855,no_N
HAV_6856,no_N
HAV_6857,no_N
HAV_6858,no_N
HAV_6859,no_N
HAV_6860,no_N
HAV_6861,no_N
HAV_6862,no_N
HAV_6863,no_N
HAV_6864,no_N
HAV_6865,no_N
HAV_6866,no_N
HAV_6867,no_N
HAV_6868,no_N
HAV_6869,no_N
HAV_6870,no_N
HAV_6871,no_N
HAV_6872,no_N
HAV_6873,no_N
HAV_6874,no_N
HAV_6875,no_N
HAV_6876,no_N
HAV_6877,no_N
HAV_6878,no_N
HAV_6879,no_N
HAV_6880,no_N
HAV_6881,no_N
HAV_6882,no_N
HAV_6883,no_N
HAV_6884,no_N
HAV_6885,no_N
HAV_6886,no_N
HAV_6887,no_N
HAV_6888,no_N
HAV_6889,no_N
HAV_6890,no_N
HAV_6891,no_N
HAV_6892,no_N
HAV_6893,no_N
HAV_6894,no_N
HAV_6895,no_N
HAV_6896,no_N
HAV_6897,no_N
HAV_6898,no_N
HAV_6899,no_N
HAV_6900,no_N
HAV_6901,no_N
HAV_6902,no_N
HAV_6903,no_N
HAV_6904,no_N
HAV_6905,no_N
HAV_6906,no_N
HAV_6907,no_N
HAV_6908,no_N
HAV_6909,no_N
HAV_6910,no_N
HAV_6911,no_N
HAV_6912,no_N
HAV_6913,no_N
HAV_6914,no_N
HAV_6915,no_N
HAV_6916,no_N
HAV_6917,no_N
HAV_6918,no_N
HAV_6919,no_N
HAV_6920,no_N
HAV_6921,no_N
HAV_6922,no_N
HAV_6923,no_N
HAV_6924,no_N
HAV_6925,no_N
HAV_6926,no_N
HAV_6927,no_N
HAV_6928,no_N
HAV_6929,no_N
HAV_6930,no_N
HAV_6931,no_N
HAV_6932,no_N
HAV_6933,no_N
HAV_6934,no_N
HAV_6935,no_N
HAV_6936,no_N
HAV_6937,no_N
HAV_6938,no_N
HAV_6939,no_N
HAV_6940,no_N
HAV_6941,no_N
HAV_6942,no_N
HAV_6943,no_N
HAV_6944,no_N
HAV_6945,no_N
HAV_6946,no_N
HAV_6947,no_N
HAV_6948,no_N
HAV_6949,no_N
HAV_6950,no_N
HAV_6951,no_N
HAV_6952,no_N
HAV_6953,no_N
HAV_6954,no_N
HAV_6955,no_N
HAV_6956,no_N
HAV_6957,no_N
HAV_6958,no_N
HAV_6959,no_N
HAV_6960,no_N
HAV_6961,no_N
HAV_6962,no_N
HAV_6963,no_N
HAV_6964,no_N
HAV_6965,no_N
HAV_6966,no_N
HAV_6967,no_N
HAV_6968,no_N
HAV_6969,no_N
HAV_6970,no_N
HAV_6971,no_N
HAV_6972,no_N
HAV_6973,no_N
HAV_6974,no_N
HAV_6975,no_N
HAV_6976,no_N
HAV_6977,no_N
HAV_6978,no_N
HAV_6979,no_N
HAV_6980,no_N
HAV_6981,no_N
HAV_6982,no_N
HAV_6983,no_N
HAV_6984,no_N
HAV_6985,no_N
HAV_6986,no_N
HAV_6987,no_N
HAV_6988,no_N
HAV_6989,no_N
HAV_6990,no_N
HAV_6991,no_N
HAV_6992,no_N
HAV_6993,no_N
HAV_6994,no_N
HAV_6995,no_N
HAV_6996,no_N
HAV_6997,no_N
HAV_6998,no_N
HAV_6999,no_N
HAV_7000,no_N
HAV_7001,no_N
HAV_7002,no_N
HAV_7003,no_N
HAV_7004,no_N
HAV_7005,no_N
HAV_7006,no_N
HAV_7007,no_N
HAV_7008,no_N
HAV_7009,no_N
HAV_7010,no_N
HAV_7011,no_N
HAV_7012,no_N
HAV_7013,no_N
HAV_7014,no_N
HAV_7015,no_N
HAV_7016,no_N
HAV_7017,no_N
HAV_7018,no_N
HAV_7019,no_N
HAV_7020,no_N
HAV_7021,no_N
HAV_7022,no_N
HAV_7023,no_N
HAV_7024,no_N
HAV_7025,no_N
HAV_7026,no_N
HAV_7027,no_N
HAV_7028,no_N
HAV_7029,no_N
HAV_7030,no_N
HAV_7031,no_N
HAV_7032,no_N
HAV_7033,no_N
HAV_7034,no_N
HAV_7035,no_N
HAV_7036,no_N
HAV_7037,no_N
HAV_7038,no_N
HAV_7039,no_N
HAV_7040,no_N
HAV_7041,no_N
HAV_7042,no_N
HAV_7043,no_N
HAV_7044,no_N
HAV_7045,no_N
HAV_7046,no_N
HAV_7047,no_N
HAV_7048,no_N
HAV_7049,no_N
HAV_7050,no_N
HAV_7051,no_N
HAV_7052,no_N
HAV_7053,no_N
HAV_7054,no_N
HAV_7055,no_N
HAV_7056,no_N
HAV_7057,no_N
HAV_7058,no_N
HAV_7059,no_N
HAV_7060,no_N
HAV_7061,no_N
HAV_7062,no_N
HAV_7063,no_N
HAV_7064,no_N
HAV_7065,no_N
HAV_7066,no_N
HAV_7067,no_N
HAV_7068,no_N
HAV_7069,no_N
HAV_7070,no_N
HAV_7071,no_N
HAV_7072,no_N
HAV_7073,no_N
HAV_7074,no_N
HAV_7075,no_N
HAV_7076,no_N
HAV_7077,no_N
HAV_7078,no_N
HAV_7079,no_N
HAV_7080,no_N
HAV_7081,no_N
HAV_7082,no_N
HAV_7083,no_N
HAV_7084,no_N
HAV_7085,no_N
HAV_7086,no_N
HAV_7087,no_N
HAV_7088,no_N
HAV_7089,no_N
HAV_7090,no_N
HAV_7091,no_N
HAV_7092,no_N
HAV_7093,std_N
HAV_7094,std_N
HAV_7095,std_N
HAV_7096,std_N
HAV_7097,std_N
HAV_7098,std_N
HAV_7099,std_N
HAV_7100,std_N
HAV_7101,std_N
HAV_7102,std_N
HAV_7103,std_N
HAV_7104,std_N
HAV_7105,std_N
HAV_7106,std_N
HAV_7107,std_N
HAV_7108,std_N
HAV_7109,std_N
HAV_7110,std_N
HAV_7111,std_N
HAV_7112,std_N
HAV_7113,std_N
HAV_7114,std_N
HAV_7115,std_N
HAV_7116,std_N
HAV_7117,std_N
HAV_7118,std_N
HAV_7119,std_N
HAV_7120,std_N
HAV_7121,std_N
HAV_7122,std_N
HAV_7123,std_N
HAV_7124,std_N
HAV_7125,std_N
HAV_7126,std_N
HAV_7127,std_N
HAV_7128,std_N
HAV_7129,std_N
HAV_7130,std_N
HAV_7131,std_N
HAV_7132,std_N
HAV_7133,std_N
HAV_7134,std_N
HAV_7135,std_N
HAV_7136,std_N
HAV_7137,std_N
HAV_7138,std_N
HAV_7139,std_N
HAV_7140,std_N
HAV_7141,std_N
HAV_7142,std_N
HAV_7143,std_N
HAV_7144,std_N
HAV_7145,std_N
HAV_7146,std_N
HAV_7147,std_N
HAV_7148,std_N
HAV_7149,std_N
HAV_7150,std_N
HAV_7151,std_N
HAV_7152,std_N
HAV_7153,std_N
HAV_7154,std_N
HAV_7155,std_N
HAV_7156,std_N
HAV_7157,std_N
HAV_7158,std_N
HAV_7159,std_N
HAV_7160,std_N
HAV_7161,std_N
HAV_7162,std_N
HAV_7163,std_N
HAV_7164,std_N
HAV_7165,std_N
HAV_7166,std_N
HAV_7167,std_N
HAV_7168,std_N
HAV_7169,std_N
HAV_7170,std_N
HAV_7171,std_N
HAV_7172,std_N
HAV_7173,std_N
HAV_7174,std_N
HAV_7175,std_N
HAV_7176,std_N
HAV_7177,std_N
HAV_7178,std_N
HAV_7179,std_N
HAV_7180,std_N
HAV_7181,std_N
HAV_7182,std_N
HAV_7183,std_N
HAV_7184,std_N
HAV_7185,std_N
HAV_7186,std_N
HAV_7187,std_N
HAV_7188,std_N
HAV_7189,std_N
HAV_7190,std_N
HAV_7191,std_N
HAV_7192,std_N
HAV_7193,std_N
HAV_7194,std_N
HAV_7195,std_N
HAV_7196,std_N
HAV_7197,std_N
HAV_7198,std_N
HAV_7199,std_N
HAV_7200,std_N
HAV_7201,std_N
HAV_7202,std_N
HAV_7203,std_N
HAV_7204,std_N
HAV_7205,std_N
HAV_7206,std_N
HAV_7207,std_N
HAV_7208,std_N
HAV_7209,std_N
HAV_7210,std_N
HAV_7211,std_N
HAV_7212,std_N
HAV_7213,std_N
HAV_7214,std_N
HAV_7215,std_N
HAV_7216,std_N
HAV_7217,std_N
HAV_7218,std_N
HAV_7219,std_N
HAV_7220,std_N
HAV_7221,std_N
HAV_7222,std_N
HAV_7223,std_N
HAV_7224,std_N
HAV_7225,std_N
HAV_7226,std_N
HAV_7227,std_N
HAV_7228,std_N
HAV_7229,std_N
HAV_7230,std_N
HAV_7231,std_N
HAV_7232,std_N
HAV_7233,std_N
HAV_7234,std_N
HAV_7235,std_N
HAV_7236,std_N
HAV_7237,std_N
HAV_7238,std_N
HAV_7239,std_N
HAV_7240,std_N
HAV_7241,std_N
HAV_7242,std_N
HAV_7243,std_N
HAV_7244,std_N
HAV_7245,std_N
HAV_7246,std_N
HAV_7247,std_N
HAV_7248,std_N
HAV_7249,std_N
HAV_7250,std_N
HAV_7251,std_N
HAV_7252,std_N
HAV_7253,std_N
HAV_7254,std_N
HAV_7255,std_N
HAV_7256,std_N
HAV_7257,std_N
HAV_7258,std_N
HAV_7259,std_N
HAV_7260,std_N
HAV_7261,std_N
HAV_7262,std_N
HAV_7263,std_N
HAV_7264,std_N
HAV_7265,std_N
HAV_7266,std_N
HAV_7267,std_N
HAV_7268,std_N
HAV_7269,std_N
HAV_7270,std_N
HAV_7271,std_N
HAV_7272,std_N
HAV_7273,std_N
HAV_7274,std_N
HAV_7275,std_N
HAV_7276,std_N
HAV_7277,std_N
HAV_7278,std_N
HAV_7279,std_N
HAV_7280,std_N
HAV_7281,std_N
HAV_7282,std_N
HAV_7283,std_N
HAV_7284,std_N
HAV_7285,std_N
HAV_7286,std_N
HAV_7287,std_N
HAV_7288,std_N
HAV_7289,std_N
HAV_7290,std_N
HAV_7291,std_N
HAV_7292,std_N
HAV_7293,std_N
HAV_7294,std_N
HAV_7295,std_N
HAV_7296,std_N
HAV_7297,std_N
HAV_7298,std_N
HAV_7299,std_N
HAV_7300,std_N
HAV_7301,std_N
HAV_7302,std_N
HAV_7303,std_N
HAV_7304,std_N
HAV_7305,std_N
HAV_7306,std_N
HAV_7307,std_N
HAV_7308,std_N
HAV_7309,std_N
HAV_7310,std_N
HAV_7311,std_N
HAV_7312,std_N
HAV_7313,std_N
HAV_7314,std_N
HAV_7315,std_N
HAV_7316,std_N
HAV_7317,std_N
HAV_7318,std_N
HAV_7319,std_N
HAV_7320,std_N
HAV_7321,std_N
HAV_7322,std_N
HAV_7323,std_N
HAV_7324,std_N
HAV_7325,std_N
HAV_7326,std_N
HAV_7327,std_N
HAV_7328,std_N
HAV_7329,std_N
HAV_7330,std_N
HAV_7331,std_N
HAV_7332,std_N
HAV_7333,std_N
HAV_7334,std_N
HAV_7335,std_N
HAV_7336,std_N
HAV_7337,std_N
HAV_7338,std_N
HAV_7339,std_N
HAV_7340,std_N
HAV_7341,std_N
HAV_7342,std_N
HAV_7343,std_N
HAV_7344,std_N
HAV_7345,std_N
HAV_7346,std_N
HAV_7347,std_N
HAV_7348,std_N
HAV_7349,std_N
HAV_7350,std_N
HAV_7351,std_N
HAV_7352,std_N
HAV_7353,std_N
HAV_7354,std_N
HAV_7355,std_N
HAV_7356,std_N
HAV_7357,std_N
HAV_7358,std_N
HAV_7359,std_N
HAV_7360,std_N
HAV_7361,std_N
HAV_7362,std_N
HAV_7363,std_N
HAV_7364,std_N
HAV_7365,std_N
HAV_7366,std_N
HAV_7367,std_N
HAV_7368,std_N
HAV_7369,std_N
HAV_7370,std_N
HAV_7371,std_N
HAV_7372,std_N
HAV_7373,std_N
HAV_7374,std_N
HAV_7375,std_N
HAV_7376,std_N
HAV_7377,std_N
HAV_7378,std_N
HAV_7379,std_N
HAV_7380,std_N
HAV_7381,std_N
HAV_7382,std_N
HAV_7383,std_N
HAV_7384,std_N
HAV_7385,std_N
HAV_7386,std_N
HAV_7387,std_N
HAV_7388,std_N
HAV_7389,std_N
HAV_7390,std_N
HAV_7391,std_N
HAV_7392,std_N
HAV_7393,std_N
HAV_7394,std_N
HAV_7395,std_N
HAV_7396,std_N
HAV_7397,std_N
HAV_7398,std_N
HAV_7399,std_N
HAV_7400,std_N
HAV_7401,std_N
HAV_7402,std_N
HAV_7403,std_N
HAV_7404,std_N
HAV_7405,std_N
HAV_7406,std_N
HAV_7407,std_N
HAV_7408,std_N
HAV_7409,std_N
HAV_7410,std_N
HAV_7411,std_N
HAV_7412,std_N
HAV_7413,std_N
HAV_7414,std_N
HAV_7415,std_N
HAV_7416,std_N
HAV_7417,std_N
HAV_7418,std_N
HAV_7419,std_N
HAV_7420,std_N
HAV_7421,std_N
HAV_7422,std_N
HAV_7423,std_N
HAV_7424,std_N
HAV_7425,std_N
HAV_7426,std_N
HAV_7427,std_N
HAV_7428,std_N
HAV_7429,std_N
HAV_7430,std_N
HAV_7431,std_N
HAV_7432,std_N
HAV_7433,std_N
HAV_7434,std_N
HAV_7435,std_N
HAV_7436,std_N
HAV_7437,std_N
HAV_7438,std_N
HAV_7439,std_N
HAV_7440,std_N
HAV_7441,std_N
HAV_7442,std_N
HAV_7443,std_N
HAV_7444,std_N
HAV_7445,std_N
HAV_7446,std_N
HAV_7447,std_N
HAV_7448,std_N
HAV_7449,std_N
HAV_7450,std_N
HAV_7451,std_N
HAV_7452,std_N
HAV_7453,std_N
HAV_7454,std_N
HAV_7455,std_N
HAV_7456,std_N
HAV_7457,std_N
HAV_7458,std_N
HAV_7459,std_N
HAV_7460,std_N
HAV_7461,std_N
HAV_7462,std_N
HAV_7463,std_N
HAV_7464,std_N
HAV_7465,std_N
HAV_7466,std_N
HAV_7467,std_N
HAV_7468,std_N
HAV_7469,std_N
HAV_7470,std_N
HAV_7471,std_N
HAV_7472,std_N
HAV_7473,std_N
HAV_7474,std_N
HAV_7475,std_N
HAV_7476,std_N
HAV_7477,std_N
HAV_7478,std_N
HAV_7479,std_N
HAV_7480,std_N
HAV_7481,std_N
HAV_7482,std_N
HAV_7483,std_N
HAV_7484,std_N
HAV_7485,std_N
HAV_7486,std_N
HAV_7487,std_N
HAV_7488,std_N
HAV_7489,std_N
HAV_7490,std_N
HAV_7491,std_N
HAV_7492,std_N
HAV_7493,std_N
HAV_7494,std_N
HAV_7495,std_N
HAV_7496,std_N
HAV_7497,std_N
HAV_7498,std_N
HAV_7499,std_N
HAV_7500,std_N
HAV_7501,std_N
HAV_7502,std_N
HAV_7503,std_N
HAV_7504,std_N
HAV_7505,std_N
HAV_7506,std_N
HAV_7507,std_N
HAV_7508,std_N
HAV_7509,std_N
HAV_7510,std_N
HAV_7511,std_N
HAV_7512,std_N
HAV_7513,std_N
HAV_7514,std_N
HAV_7515,std_N
HAV_7516,std_N
HAV_7517,std_N
HAV_7518,std_N
HAV_7519,std_N
HAV_7520,std_N
HAV_7521,std_N
HAV_7522,std_N
HAV_7523,std_N
HAV_7524,std_N
HAV_7525,std_N
HAV_7526,std_N
HAV_7527,std_N
HAV_7528,std_N
HAV_7529,std_N
HAV_7530,std_N
HAV_7531,std_N
HAV_7532,std_N
HAV_7533,std_N
HAV_7534,std_N
HAV_7535,std_N
HAV_7536,std_N
HAV_7537,std_N
HAV_7538,std_N
HAV_7539,std_N
HAV_7540,std_N
HAV_7541,std_N
HAV_7542,std_N
HAV_7543,std_N
HAV_7544,std_N
HAV_7545,std_N
HAV_7546,std_N
HAV_7547,std_N
HAV_7548,std_N
HAV_7549,std_N
HAV_7550,std_N
HAV_7551,std_N
HAV_7552,std_N
HAV_7553,std_N
HAV_7554,std_N
HAV_7555,std_N
HAV_7556,std_N
HAV_7557,std_N
HAV_7558,std_N
HAV_7559,std_N
HAV_7560,std_N
HAV_7561,std_N
HAV_7562,std_N
HAV_7563,std_N
HAV_7564,std_N
HAV_7565,std_N
HAV_7566,std_N
HAV_7567,std_N
HAV_7568,std_N
HAV_7569,std_N
HAV_7570,std_N
HAV_7571,std_N
HAV_7572,std_N
HAV_7573,std_N
HAV_7574,std_N
HAV_7575,std_N
HAV_7576,std_N
HAV_7577,std_N
HAV_7578,std_N
HAV_7579,std_N
HAV_7580,std_N
HAV_7581,std_N
HAV_7582,std_N
HAV_7583,std_N
HAV_7584,std_N
HAV_7585,std_N
HAV_7586,std_N
HAV_7587,std_N
HAV_7588,std_N
HAV_7589,std_N
HAV_7590,std_N
HAV_7591,std_N
HAV_7592,std_N
HAV_7593,std_N
HAV_7594,std_N
HAV_7595,std_N
HAV_7596,std_N
HAV_7597,std_N
HAV_7598,std_N
HAV_7599,std_N
HAV_7600,std_N
HAV_7601,std_N
HAV_7602,std_N
HAV_7603,std_N
HAV_7604,std_N
HAV_7605,std_N
HAV_7606,std_N
HAV_7607,std_N
HAV_7608,std_N
HAV_7609,std_N
HAV_7610,std_N
HAV_7611,std_N
HAV_7612,std_N
HAV_7613,std_N
HAV_7614,std_N
HAV_7615,std_N
HAV_7616,std_N
HAV_7617,std_N
HAV_7618,std_N
HAV_7619,std_N
HAV_7620,std_N
HAV_7621,std_N
HAV_7622,std_N
HAV_7623,std_N
HAV_7624,std_N
HAV_7625,std_N
HAV_7626,std_N
HAV_7627,std_N
HAV_7628,std_N
HAV_7629,std_N
HAV_7630,std_N
HAV_7631,std_N
HAV_7632,std_N
HAV_7633,std_N
HAV_7634,std_N
HAV_7635,std_N
HAV_7636,std_N
HAV_7637,std_N
HAV_7638,std_N
HAV_7639,std_N
HAV_7640,std_N
HAV_7641,std_N
HAV_7642,std_N
HAV_7643,std_N
HAV_7644,std_N
HAV_7645,std_N
HAV_7646,std_N
HAV_7647,std_N
HAV_7648,std_N
HAV_7649,std_N
HAV_7650,std_N
HAV_7651,std_N
HAV_7652,std_N
HAV_7653,std_N
HAV_7654,std_N
HAV_7655,std_N
HAV_7656,std_N
HAV_7657,std_N
HAV_7658,std_N
HAV_7659,std_N
HAV_7660,std_N
HAV_7661,std_N
HAV_7662,std_N
HAV_7663,std_N
HAV_7664,std_N
HAV_7665,std_N
HAV_7666,std_N
HAV_7667,std_N
HAV_7668,std_N
HAV_7669,std_N
HAV_7670,std_N
HAV_7671,std_N
HAV_7672,std_N
HAV_7673,std_N
HAV_7674,std_N
HAV_7675,std_N
HAV_7676,std_N
HAV_7677,std_N
HAV_7678,std_N
HAV_7679,std_N
HAV_7680,std_N
HAV_7681,std_N
HAV_7682,std_N
HAV_7683,std_N
HAV_7684,std_N
HAV_7685,std_N
HAV_7686,std_N
HAV_7687,std_N
HAV_7688,std_N
HAV_7689,std_N
HAV_7690,std_N
HAV_7691,std_N
HAV_7692,std_N
HAV_7693,std_N
HAV_7694,std_N
HAV_7695,std_N
HAV_7696,std_N
HAV_7697,std_N
HAV_7698,std_N
HAV_7699,std_N
HAV_7700,std_N
HAV_7701,std_N
HAV_7702,std_N
HAV_7703,std_N
HAV_7704,std_N
HAV_7705,std_N
HAV_7706,std_N
HAV_7707,std_N
HAV_7708,std_N
HAV_7709,std_N
HAV_7710,std_N
HAV_7711,std_N
HAV_7712,std_N
HAV_7713,std_N
HAV_7714,std_N
HAV_7715,std_N
HAV_7716,std_N
HAV_7717,std_N
HAV_7718,std_N
HAV_7719,std_N
HAV_7720,std_N
HAV_7721,std_N
HAV_7722,std_N
HAV_7723,std_N
HAV_7724,std_N
HAV_7725,std_N
HAV_7726,std_N
HAV_7727,std_N
HAV_7728,std_N
HAV_7729,std_N
HAV_7730,std_N
HAV_7731,std_N
HAV_7732,std_N
HAV_7733,std_N
HAV_7734,std_N
HAV_7735,std_N
HAV_7736,std_N
HAV_7737,std_N
HAV_7738,std_N
HAV_7739,std_N
HAV_7740,std_N
HAV_7741,std_N
HAV_7742,std_N
HAV_7743,std_N
HAV_7744,std_N
HAV_7745,std_N
HAV_7746,std_N
HAV_7747,std_N
HAV_7748,std_N
HAV_7749,std_N
HAV_7750,std_N
HAV_7751,std_N
HAV_7752,std_N
HAV_7753,std_N
HAV_7754,std_N
HAV_7755,std_N
HAV_7756,std_N
HAV_7757,std_N
HAV_7758,std_N
HAV_7759,std_N
HAV_7760,std_N
HAV_7761,std_N
HAV_7762,std_N
HAV_7763,std_N
HAV_7764,std_N
HAV_7765,std_N
HAV_7766,std_N
HAV_7767,std_N
HAV_7768,std_N
HAV_7769,std_N
HAV_7770,std_N
HAV_7771,std_N
HAV_7772,std_N
HAV_7773,std_N
HAV_7774,std_N
HAV_7775,std_N
HAV_7776,std_N
HAV_7777,std_N
HAV_7778,std_N
HAV_7779,std_N
HAV_7780,std_N
HAV_7781,std_N
HAV_7782,std_N
HAV_7783,std_N
HAV_7784,std_N
HAV_7785,std_N
HAV_7786,std_N
HAV_7787,std_N
HAV_7788,std_N
HAV_7789,std_N
HAV_7790,std_N
HAV_7791,std_N
HAV_7792,std_N
HAV_7793,std_N
HAV_7794,std_N
HAV_7795,std_N
HAV_7796,std_N
HAV_7797,std_N
HAV_7798,std_N
HAV_7799,std_N
HAV_7800,std_N
HAV_7801,std_N
HAV_7802,std_N
HAV_7803,std_N
HAV_7804,std_N
HAV_7805,std_N
HAV_7806,std_N
HAV_7807,std_N
HAV_7808,std_N
HAV_7809,std_N
HAV_7810,std_N
HAV_7811,std_N
HAV_7812,std_N
HAV_7813,std_N
HAV_7814,std_N
HAV_7815,std_N
HAV_7816,std_N
HAV_7817,std_N
HAV_7818,std_N
HAV_7819,std_N
HAV_7820,std_N
HAV_7821,std_N
HAV_7822,std_N
HAV_7823,std_N
HAV_7824,std_N
HAV_7825,std_N
HAV_7826,std_N
HAV_7827,std_N
HAV_7828,std_N
HAV_7829,std_N
HAV_7830,std_N
HAV_7831,std_N
HAV_7832,std_N
HAV_7833,std_N
HAV_7834,std_N
HAV_7835,std_N
HAV_7836,std_N
HAV_7837,std_N
HAV_7838,std_N
HAV_7839,std_N
HAV_7840,std_N
HAV_7841,std_N
HAV_7842,std_N
HAV_7843,std_N
HAV_7844,std_N
HAV_7845,std_N
HAV_7846,std_N
HAV_7847,std_N
HAV_7848,std_N
HAV_7849,std_N
HAV_7850,std_N
HAV_7851,std_N
HAV_7852,std_N
HAV_7853,std_N
HAV_7854,std_N
HAV_7855,std_N
HAV_7856,std_N
HAV_7857,std_N
HAV_7858,std_N
HAV_7859,std_N
HAV_7860,std_N
HAV_7861,std_N
HAV_7862,std_N
HAV_7863,std_N
HAV_7864,std_N
HAV_7865,std_N
HAV_7866,std_N
HAV_7867,std_N
HAV_7868,std_N
HAV_7869,std_N
HAV_7870,std_N
HAV_7871,std_N
HAV_7872,std_N